{"assets/images/team/hammad.jpg":["assets/images/team/hammad.jpg"],"assets/images/team/hammad_avatar.png":["assets/images/team/hammad_avatar.png"],"assets/images/team/muneeb.png":["assets/images/team/muneeb.png"],"assets/images/team/muneeb_avatar.png":["assets/images/team/muneeb_avatar.png"],"assets/images/team/zeeshan.png":["assets/images/team/zeeshan.png"],"assets/images/team/zeeshan_avatar.png":["assets/images/team/zeeshan_avatar.png"],"packages/cupertino_icons/assets/CupertinoIcons.ttf":["packages/cupertino_icons/assets/CupertinoIcons.ttf"],"packages/font_awesome_flutter/lib/fonts/Font-Awesome-7-Brands-Regular-400.otf":["packages/font_awesome_flutter/lib/fonts/Font-Awesome-7-Brands-Regular-400.otf"],"packages/font_awesome_flutter/lib/fonts/Font-Awesome-7-Free-Regular-400.otf":["packages/font_awesome_flutter/lib/fonts/Font-Awesome-7-Free-Regular-400.otf"],"packages/font_awesome_flutter/lib/fonts/Font-Awesome-7-Free-Solid-900.otf":["packages/font_awesome_flutter/lib/fonts/Font-Awesome-7-Free-Solid-900.otf"]}